session_id,username,created_at
81dc7327-6b90-4423-a66e-36f98ffd6032,admin,2025-04-13 20:58:00
bea88925-c68d-4437-8096-cdd54d9b4be8,admin,2025-04-13 21:01:01
de9e50ef-7a1a-4099-9a94-b1bb9b915825,admin,2025-04-13 21:01:33
8082273c-56e3-4888-96e9-a5c0863d3824,admin,2025-04-13 21:03:25
728e011c-bde2-4b4a-9e2a-43b73f9a9eb2,admin,2025-04-13 21:31:05
b5ef57cc-2e1f-4148-a243-c48a266813ed,admin,2025-04-13 21:47:16
4a7671ed-3fbf-4f4a-a4ba-436dfb26b0ed,admin,2025-04-13 21:47:42
c69b2501-6f3f-4449-81e4-57b7d42e3e54,admin,2025-04-13 21:52:10
f8812321-eb0c-425f-89c2-918032bb6304,admin,2025-04-13 21:52:19
42b1901f-6a03-484d-8f79-be4133180189,admin,2025-04-13 21:56:57
024a99c3-eff9-4d69-bd0c-4688d0ed76ca,admin,2025-04-13 21:57:05
85f8d3ce-907b-4f7b-93bb-324baaab731f,admin,2025-04-13 22:03:20
8019e328-7ddd-4c1b-ba48-29006c98332b,admin,2025-04-13 22:05:42
70f84da9-3bec-4092-9d1b-d557492110f3,admin,2025-04-13 22:09:47
c7468125-f160-4111-9aa5-c33505474edc,admin,2025-04-13 22:12:10
96993c6f-aa7a-43f7-abfb-742377336fd5,Flo,2025-04-13 22:12:34
8cd5216e-a04f-4e0b-bba7-f0fc88b1a482,admin,2025-04-13 22:16:53
a7b7b51b-0a9c-4b9c-baa5-05c7cb46a142,admin,2025-04-13 22:17:04
3aa65828-20b9-4e3e-bd79-44ed7dee8aea,admin,2025-04-13 22:18:03
9760f948-049f-4f3d-96d4-e512acd89df9,admin,2025-04-13 22:23:19
79a52eb6-b1fe-485c-bd21-61bf3ec6e754,admin,2025-04-13 22:23:28
6d69885e-dd80-4d47-8f28-56563d1d2e70,admin,2025-04-13 22:30:43
fc702c86-41ed-46e8-8b29-76ddf15a4190,admin,2025-04-13 22:31:35
10c3d5da-ce5f-40c6-8ba1-2119515f288a,admin,2025-04-13 22:35:38
9bd0f936-17e9-492c-9ce4-7b92afb3d3ee,admin,2025-04-13 22:35:43
bb18c19f-1034-467c-a626-6127205b81ea,admin,2025-04-13 22:37:59
3c73e6db-01b0-440d-91be-c091552ba2e5,Flo,2025-04-13 22:41:10
